id,bien_tipo_id,codigo,codigo_fabricante,descripcion,marca_id,maquinaria_id,comentario,valor,valor_tipo,estado,sunat_tabla_detalle_id,fecha_creacion,usuario_creacion,imagen,codigo_barra,cortesia,cantidad_pedido,es_fabricado,tipo_venta
1,2,IZ0001,NULL,Harina,56,NULL,NULL,NULL,1,1,NULL,"2016-10-17 11:40:08",1,BienNone.jpg,NULL,0,NULL,,NULL
2,2,IZ0002,NULL,"Azucar blanca",NULL,NULL,NULL,NULL,1,1,NULL,"2016-10-17 11:40:08",1,BienNone.jpg,NULL,0,NULL,,NULL
3,2,IZ0003,NULL,"Azucar rubia",NULL,NULL,NULL,NULL,1,1,NULL,"2016-10-17 11:40:08",1,BienNone.jpg,NULL,0,NULL,,NULL
4,2,IZ0007,NULL,"Polvo de cacao",NULL,NULL,NULL,NULL,1,1,NULL,"2016-10-17 11:40:08",1,BienNone.jpg,NULL,0,NULL,,NULL
5,2,IZ0008,NULL,"Cobertura chocolate 75%",NULL,NULL,NULL,NULL,1,1,NULL,"2016-10-17 11:40:08",1,BienNone.jpg,NULL,0,NULL,,NULL
6,2,IZ0009,NULL,"Cobertura bitter",NULL,NULL,NULL,NULL,1,1,NULL,"2016-10-17 11:40:08",1,BienNone.jpg,NULL,0,NULL,,NULL
7,2,IZ0010,NULL,"Cobertura chocolate leche",NULL,NULL,NULL,NULL,1,1,NULL,"2016-10-17 11:40:09",1,BienNone.jpg,NULL,0,NULL,,NULL
8,2,IZ0011,NULL,"Cobertura chocolate blanco",NULL,NULL,NULL,NULL,1,1,NULL,"2016-10-17 11:40:09",1,BienNone.jpg,NULL,0,NULL,,NULL
9,2,IZ0060,NULL,"Chips de chocolate",NULL,NULL,NULL,NULL,1,1,NULL,"2016-10-17 11:40:09",1,BienNone.jpg,NULL,0,NULL,,NULL
10,2,IZ0039,NULL,"Galleta oreo",NULL,NULL,NULL,NULL,1,1,NULL,"2016-10-17 11:40:09",1,BienNone.jpg,NULL,0,NULL,,NULL
11,2,IZ0040,NULL,"Galleta chocochip",NULL,NULL,NULL,NULL,1,1,NULL,"2016-10-17 11:40:09",1,BienNone.jpg,NULL,0,NULL,,NULL
12,2,IZ0017,NULL,"Pudin de chocolate",NULL,NULL,NULL,NULL,1,1,NULL,"2016-10-17 11:40:09",1,BienNone.jpg,NULL,0,NULL,,NULL
13,2,IZ0016,NULL,"Pudin vainilla",NULL,NULL,NULL,NULL,1,1,NULL,"2016-10-17 11:40:09",1,BienNone.jpg,NULL,0,NULL,,NULL
14,2,IZ0004,NULL,"Azucar en polvo",NULL,NULL,NULL,NULL,1,1,NULL,"2016-10-17 11:40:09",1,BienNone.jpg,NULL,0,NULL,,NULL
15,2,IZ0012,NULL,Bicarbonato,NULL,NULL,NULL,NULL,1,1,NULL,"2016-10-17 11:40:09",1,BienNone.jpg,NULL,0,NULL,,NULL
16,2,IZ0013,NULL,"Polvo de hornear",NULL,NULL,NULL,NULL,1,1,NULL,"2016-10-17 11:40:09",1,BienNone.jpg,NULL,0,NULL,,NULL
17,2,IZ0021,NULL,Aceite,NULL,NULL,NULL,NULL,1,1,NULL,"2016-10-17 11:40:09",1,BienNone.jpg,NULL,0,NULL,,NULL
18,2,IZ0022,NULL,"Yogurt vainilla",NULL,NULL,NULL,NULL,1,1,NULL,"2016-10-17 11:40:09",1,BienNone.jpg,NULL,0,NULL,,NULL
19,2,IZ0023,NULL,Huevos,NULL,NULL,NULL,NULL,1,1,NULL,"2016-10-17 11:40:09",1,BienNone.jpg,NULL,0,NULL,,NULL
20,2,IZ0031,NULL,"Mantequilla sin sal",NULL,NULL,NULL,NULL,1,1,NULL,"2016-10-17 11:40:09",1,BienNone.jpg,NULL,0,NULL,,NULL
21,2,IZ0032,NULL,Margarina,NULL,NULL,NULL,NULL,1,1,NULL,"2016-10-17 11:40:10",1,BienNone.jpg,NULL,0,NULL,,NULL
22,2,IZ0033,NULL,Manteca,NULL,NULL,NULL,NULL,1,1,NULL,"2016-10-17 11:40:10",1,BienNone.jpg,NULL,0,NULL,,NULL
23,2,IZ0034,NULL,"Queso crema",NULL,NULL,NULL,NULL,1,1,NULL,"2016-10-17 11:40:10",1,BienNone.jpg,NULL,0,NULL,,NULL
24,2,IZ0044,NULL,Plátanos,NULL,NULL,NULL,NULL,1,1,NULL,"2016-10-17 11:40:10",1,BienNone.jpg,NULL,0,NULL,,NULL
25,2,IZ0028,NULL,"Crema de leche",NULL,NULL,NULL,NULL,1,1,NULL,"2016-10-17 11:40:10",1,BienNone.jpg,NULL,0,NULL,,NULL
27,2,IZ0025,NULL,"Leche evaporada",NULL,NULL,NULL,NULL,1,1,NULL,"2016-10-17 11:40:10",1,BienNone.jpg,NULL,0,NULL,,NULL
28,2,IZ0045,NULL,Limón,NULL,NULL,NULL,NULL,1,1,NULL,"2016-10-17 11:40:10",1,BienNone.jpg,NULL,0,NULL,,NULL
32,2,IZ0035,NULL,Nutella,NULL,NULL,NULL,NULL,1,1,NULL,"2016-10-17 11:40:10",1,BienNone.jpg,NULL,0,NULL,,NULL
33,2,IZ0038,NULL,"Mermelada de arandano",NULL,NULL,NULL,NULL,1,1,NULL,"2016-10-17 11:40:10",1,BienNone.jpg,NULL,0,NULL,,NULL
34,2,IZ0041,NULL,Snicker,NULL,NULL,NULL,NULL,1,1,NULL,"2016-10-17 11:40:11",1,BienNone.jpg,NULL,0,NULL,,NULL
35,2,IZ0042,NULL,M&m,NULL,NULL,NULL,NULL,1,1,NULL,"2016-10-17 11:40:11",1,BienNone.jpg,NULL,0,NULL,,NULL
36,2,IZ0037,NULL,"Mantequilla maní",NULL,NULL,NULL,NULL,1,1,NULL,"2016-10-17 11:40:11",1,BienNone.jpg,NULL,0,NULL,,NULL
37,2,IZ0024,NULL,"Colorante rojo",NULL,NULL,NULL,NULL,1,1,NULL,"2016-10-17 11:40:11",1,BienNone.jpg,NULL,0,NULL,,NULL
38,2,IZ0043,NULL,Café,NULL,NULL,NULL,NULL,1,1,NULL,"2016-10-17 11:40:11",1,BienNone.jpg,NULL,0,NULL,,NULL
39,2,IZ0051,NULL,"Jarabe Vainilla",NULL,NULL,NULL,NULL,1,1,NULL,"2016-10-17 11:40:11",1,BienNone.jpg,NULL,0,NULL,,NULL
40,2,IZ0052,NULL,"Jarabe de fresa",NULL,NULL,NULL,NULL,1,1,NULL,"2016-10-17 11:40:11",1,BienNone.jpg,NULL,0,NULL,,NULL
42,2,IZ0026,NULL,"Leche en caja",NULL,NULL,NULL,NULL,1,1,NULL,"2016-10-17 11:40:11",1,BienNone.jpg,NULL,0,NULL,,NULL
44,2,IZ0036,NULL,Manjarblanco,NULL,NULL,NULL,NULL,1,1,NULL,"2016-10-17 11:40:11",1,BienNone.jpg,NULL,0,NULL,,NULL
45,2,IZ0059,NULL,Helado,NULL,NULL,NULL,NULL,1,1,NULL,"2016-10-17 11:40:12",1,BienNone.jpg,NULL,0,NULL,,NULL
46,2,IZ0057,NULL,"Té Filtrante",NULL,NULL,NULL,NULL,1,1,NULL,"2016-10-17 11:40:12",1,BienNone.jpg,NULL,0,NULL,,NULL
49,28,IN0002,NULL,"Caja *1",NULL,NULL,NULL,NULL,1,1,NULL,"2016-10-17 11:40:12",1,BienNone.jpg,NULL,0,NULL,,NULL
50,28,IN0001,NULL,"Envase *1 plástico",NULL,NULL,NULL,NULL,1,1,NULL,"2016-10-17 11:40:12",1,BienNone.jpg,NULL,0,NULL,,NULL
51,28,IN0003,NULL,"Envase * 2",NULL,NULL,NULL,NULL,1,1,NULL,"2016-10-17 11:40:12",1,BienNone.jpg,NULL,0,NULL,,3
57,3,IN0015,NULL,"Caja *12 (tapa)",NULL,NULL,NULL,NULL,1,1,NULL,"2016-10-17 11:40:12",1,BienNone.jpg,NULL,0,NULL,,2
58,3,IN0018,NULL,"Vaso Pet 12 onzas",NULL,NULL,NULL,NULL,1,1,NULL,"2016-10-17 11:40:12",1,BienNone.jpg,NULL,0,NULL,,NULL
59,3,IN0024,NULL,"Jacket 12 oz",NULL,NULL,NULL,NULL,1,1,NULL,"2016-10-17 11:40:13",1,BienNone.jpg,NULL,0,NULL,,NULL
60,3,IN0020,NULL,"Vaso Pet 16 onzas",NULL,NULL,NULL,NULL,1,1,NULL,"2016-10-17 11:40:13",1,BienNone.jpg,NULL,0,NULL,,NULL
61,3,IN0025,NULL,"Jacket 16 oz",NULL,NULL,NULL,NULL,1,1,NULL,"2016-10-17 11:40:13",1,BienNone.jpg,NULL,0,NULL,,NULL
62,3,IN0022,NULL,"Vaso Caliente 16 onzas",NULL,NULL,NULL,NULL,1,1,NULL,"2016-10-17 11:40:13",1,BienNone.jpg,NULL,0,NULL,,NULL
63,3,IN0026,NULL,"Sorbete grueso",NULL,NULL,NULL,NULL,1,1,NULL,"2016-10-17 11:40:13",1,BienNone.jpg,NULL,0,NULL,,NULL
64,3,IN0027,NULL,"Sorbete delgado",NULL,NULL,NULL,NULL,1,1,NULL,"2016-10-17 11:40:13",1,BienNone.jpg,NULL,0,NULL,,NULL
65,28,IN0017,NULL,"Bolsa Regalo",NULL,NULL,NULL,NULL,1,1,NULL,"2016-10-17 11:40:13",1,BienNone.jpg,NULL,0,NULL,,4
66,4,CS0002,NULL,"Cupcake Banana split",NULL,NULL,NULL,NULL,1,1,NULL,"2016-10-17 11:40:13",1,BienNone.jpg,NULL,1,NULL,1,NULL
67,4,CS0003,NULL,"Cupcake Banana Peanut Butter",NULL,NULL,NULL,NULL,1,1,NULL,"2016-10-17 11:40:13",1,BienNone.jpg,NULL,1,NULL,1,NULL
68,4,CS0004,NULL,"Cupcake Trufa de Chocolate",NULL,NULL,NULL,NULL,1,1,NULL,"2016-10-17 11:40:13",1,BienNone.jpg,NULL,1,NULL,1,NULL
69,4,CS0006,NULL,"Cupcake Red Velvet Nutella",NULL,NULL,NULL,NULL,1,1,NULL,"2016-10-17 11:40:13",1,BienNone.jpg,NULL,1,NULL,1,NULL
70,4,CS0007,NULL,"Cupcake Beso de Moza",NULL,NULL,NULL,NULL,1,1,NULL,"2016-10-17 11:40:13",1,BienNone.jpg,NULL,1,NULL,1,NULL
71,4,CS0008,NULL,"Cupcake Pye de Limón",NULL,NULL,NULL,NULL,1,1,NULL,"2016-10-17 11:40:14",1,BienNone.jpg,NULL,1,NULL,1,NULL
72,4,CS0009,NULL,"Cupcake Cookie Dough",NULL,NULL,NULL,NULL,1,1,NULL,"2016-10-17 11:40:14",1,BienNone.jpg,NULL,1,NULL,1,NULL
73,4,CS0011,NULL,"Cupcake Red Velvet Oreo",NULL,NULL,NULL,NULL,1,1,NULL,"2016-10-17 11:40:14",1,BienNone.jpg,NULL,1,NULL,1,NULL
74,4,CS0012,NULL,"Cupcake Snickers",NULL,NULL,NULL,NULL,1,1,NULL,"2016-10-17 11:40:14",1,BienNone.jpg,NULL,1,NULL,1,NULL
75,4,CS0013,NULL,"Cupcake Cheesecake de Sauco",NULL,NULL,NULL,NULL,1,1,NULL,"2016-10-17 11:40:14",1,BienNone.jpg,NULL,1,NULL,1,NULL
76,4,CS0014,NULL,"Cupcake Pye de Pecana",NULL,NULL,NULL,NULL,1,1,NULL,"2016-10-17 11:40:14",1,BienNone.jpg,NULL,1,NULL,1,NULL
77,4,CS0015,NULL,"Cupcake Bombón de chocolate",NULL,NULL,NULL,NULL,1,1,NULL,"2016-10-17 11:40:14",1,BienNone.jpg,NULL,1,NULL,1,NULL
78,4,CS0016,NULL,"Cupcake Vainilla Oreo",NULL,NULL,NULL,NULL,1,1,NULL,"2016-10-17 11:40:14",1,BienNone.jpg,NULL,1,NULL,1,NULL
79,4,CS0017,NULL,"Cupcake Naranja & Chocolate",NULL,NULL,NULL,NULL,1,1,NULL,"2016-10-17 11:40:14",1,BienNone.jpg,NULL,1,NULL,1,NULL
80,4,CS0018,NULL,"Cupcake Tiramisú",NULL,NULL,NULL,NULL,1,1,NULL,"2016-10-17 11:40:14",1,BienNone.jpg,NULL,1,NULL,1,NULL
81,4,CS0019,NULL,"Cupcake Caramel Brownie",NULL,NULL,NULL,NULL,1,1,NULL,"2016-10-17 11:40:14",1,BienNone.jpg,NULL,1,NULL,1,NULL
82,4,CS0021,NULL,"Cupcake Rocky Road",NULL,NULL,NULL,NULL,1,1,NULL,"2016-10-17 11:40:14",1,BienNone.jpg,NULL,1,NULL,1,NULL
83,4,CS0022,NULL,"Cupcake Coco",NULL,NULL,NULL,NULL,1,1,NULL,"2016-10-17 11:40:15",1,BienNone.jpg,NULL,1,NULL,1,NULL
84,4,CS0023,NULL,"Cupcake Cheesecake de Fresa",NULL,NULL,NULL,NULL,1,1,NULL,"2016-10-17 11:40:15",1,BienNone.jpg,NULL,1,NULL,1,NULL
85,4,CS0024,NULL,"Cupcake Cheesecake de Maracuyá",NULL,NULL,NULL,NULL,1,1,NULL,"2016-10-17 11:40:15",1,BienNone.jpg,NULL,1,NULL,1,NULL
86,4,CS0025,NULL,"Cupcake Piña Colada",NULL,NULL,NULL,NULL,1,1,NULL,"2016-10-17 11:40:15",1,BienNone.jpg,NULL,1,NULL,1,NULL
87,4,CS0026,NULL,"Cupcake Mango Maracuyá",NULL,NULL,NULL,NULL,1,1,NULL,"2016-10-17 11:40:15",1,BienNone.jpg,NULL,1,NULL,1,NULL
88,4,CS0027,NULL,"Cupcake Arándanos & Limón",NULL,NULL,NULL,NULL,1,1,NULL,"2016-10-17 11:40:15",1,BienNone.jpg,NULL,1,NULL,1,NULL
89,4,CS0028,NULL,"Cupcake Chocoteja",NULL,NULL,NULL,NULL,1,1,NULL,"2016-10-17 11:40:15",1,BienNone.jpg,NULL,1,NULL,1,NULL
90,4,CS0029,NULL,"Cupcake Doña Pepa",NULL,NULL,NULL,NULL,1,1,NULL,"2016-10-17 11:40:15",1,BienNone.jpg,NULL,1,NULL,1,NULL
91,4,CS0030,NULL,"Cupcake Pisco Sour",NULL,NULL,NULL,NULL,1,1,NULL,"2016-10-17 11:40:15",1,BienNone.jpg,NULL,1,NULL,1,NULL
92,4,CS0031,NULL,"Cupcake Suspiro a la Limeña",NULL,NULL,NULL,NULL,1,1,NULL,"2016-10-17 11:40:15",1,BienNone.jpg,NULL,1,NULL,1,NULL
93,4,CS0032,NULL,"Cupcake Nutella & Frutos Rojos",NULL,NULL,NULL,NULL,1,1,NULL,"2016-10-17 11:40:15",1,BienNone.jpg,NULL,1,NULL,1,NULL
94,4,CS0033,NULL,"Cupcake Frambuesa & Champagne",NULL,NULL,NULL,NULL,1,1,NULL,"2016-10-17 11:40:15",1,BienNone.jpg,NULL,1,NULL,1,NULL
95,4,CS0034,NULL,"Cupcake Chocotón",NULL,NULL,NULL,NULL,1,1,NULL,"2016-10-17 11:40:15",1,BienNone.jpg,NULL,1,NULL,1,NULL
96,4,CS0035,NULL,"Cupcake Panetón",NULL,NULL,NULL,NULL,1,1,NULL,"2016-10-17 11:40:16",1,BienNone.jpg,NULL,1,NULL,1,NULL
97,4,CS0036,NULL,"Cupcake Reno de Chocolate",NULL,NULL,NULL,NULL,1,1,NULL,"2016-10-17 11:40:16",1,BienNone.jpg,NULL,1,NULL,1,NULL
98,4,CS0037,NULL,"Cupcake Coco de Nieve",NULL,NULL,NULL,NULL,1,1,NULL,"2016-10-17 11:40:16",1,BienNone.jpg,NULL,1,NULL,1,NULL
99,4,CS0038,NULL,"Cupcake Manzana Caramelo",NULL,NULL,NULL,NULL,1,1,NULL,"2016-10-17 11:40:16",1,BienNone.jpg,NULL,1,NULL,1,NULL
100,4,CS0039,NULL,"Cupcake Candy Cane",NULL,NULL,NULL,NULL,1,1,NULL,"2016-10-17 11:40:16",1,BienNone.jpg,NULL,1,NULL,1,NULL
101,4,CS0040,NULL,"Cupcake Fresas & Chocolate Blanco",NULL,NULL,NULL,NULL,1,1,NULL,"2016-10-17 11:40:16",1,BienNone.jpg,NULL,1,NULL,1,NULL
102,4,CS0041,NULL,"Cupcake Frambuesa & Limón",NULL,NULL,NULL,NULL,1,1,NULL,"2016-10-17 11:40:16",1,BienNone.jpg,NULL,1,NULL,1,NULL
103,4,CS0042,NULL,"M&M café",NULL,NULL,NULL,NULL,1,1,NULL,"2016-10-17 11:40:16",1,BienNone.jpg,NULL,1,NULL,1,NULL
104,4,CS0043,NULL,"Cupcake Mocca Caramel",NULL,NULL,NULL,NULL,1,1,NULL,"2016-10-17 11:40:16",1,BienNone.jpg,NULL,1,NULL,1,NULL
105,4,CS0044,NULL,"Cupcake Cinnamon Roll",NULL,NULL,NULL,NULL,1,1,NULL,"2016-10-17 11:40:16",1,BienNone.jpg,NULL,1,NULL,1,NULL
106,4,CS0045,NULL,"Cupcake Mocca Lúcuma",NULL,NULL,NULL,NULL,1,1,NULL,"2016-10-17 11:40:16",1,BienNone.jpg,NULL,1,NULL,1,NULL
107,4,CS0046,NULL,"Cupcake Baylis",NULL,NULL,NULL,NULL,1,1,NULL,"2016-10-17 11:40:16",1,BienNone.jpg,NULL,1,NULL,1,NULL
108,4,CS0047,NULL,"Cupcake Pink Rainbow",NULL,NULL,NULL,NULL,1,1,NULL,"2016-10-17 11:40:16",1,BienNone.jpg,NULL,1,NULL,1,NULL
109,4,CS0048,NULL,"Cupcake Boston Cream",NULL,NULL,NULL,NULL,1,1,NULL,"2016-10-17 11:40:17",1,BienNone.jpg,NULL,1,NULL,1,NULL
110,4,CS0049,NULL,"Cupcake Smores",NULL,NULL,NULL,NULL,1,1,NULL,"2016-10-17 11:40:17",1,BienNone.jpg,NULL,1,NULL,1,NULL
111,4,CS0050,NULL,"Cupcake Samoa",NULL,NULL,NULL,NULL,1,1,NULL,"2016-10-17 11:40:17",1,BienNone.jpg,NULL,1,NULL,1,NULL
112,4,CS0051,NULL,"Cupcake Creme Brule",NULL,NULL,NULL,NULL,1,1,NULL,"2016-10-17 11:40:17",1,BienNone.jpg,NULL,1,NULL,1,NULL
113,4,CS0052,NULL,"Cupcake Chocogalleta",NULL,NULL,NULL,NULL,1,1,NULL,"2016-10-17 11:40:17",1,BienNone.jpg,NULL,1,NULL,1,NULL
114,4,CS0053,NULL,"Cupcake Chococaramel",NULL,NULL,NULL,NULL,1,1,NULL,"2016-10-17 11:40:17",1,BienNone.jpg,NULL,1,NULL,1,NULL
115,4,CS0054,NULL,"Cupcake Menta Oreo",NULL,NULL,NULL,NULL,1,1,NULL,"2016-10-17 11:40:17",1,BienNone.jpg,NULL,1,NULL,1,NULL
116,4,CS0055,NULL,"Cupcake Chocobanana",NULL,NULL,NULL,NULL,1,1,NULL,"2016-10-17 11:40:17",1,BienNone.jpg,NULL,1,NULL,1,NULL
117,4,CS0056,NULL,"Cupcake Princesa",NULL,NULL,NULL,NULL,1,1,NULL,"2016-10-17 11:40:17",1,BienNone.jpg,NULL,1,NULL,1,NULL
118,4,CS0071,NULL,"Cupcake Nuevo Sabor",NULL,NULL,NULL,NULL,1,1,NULL,"2016-10-17 11:40:17",1,BienNone.jpg,NULL,1,NULL,1,NULL
119,5,P0058,NULL,"Caja 4 cupcakes",NULL,NULL,NULL,NULL,1,1,NULL,"2016-10-17 11:40:17",1,BienNone.jpg,NULL,0,4,1,NULL
150,9,FM0001,NULL,"Cappucchino Frappe Mediano",NULL,NULL,NULL,NULL,1,1,NULL,"2016-10-17 11:40:20",1,BienNone.jpg,NULL,1,NULL,1,NULL
151,9,FM0002,NULL,"Mocca Frappe Mediano",NULL,NULL,NULL,NULL,1,1,NULL,"2016-10-17 11:40:20",1,BienNone.jpg,NULL,1,NULL,1,NULL
152,9,FM0003,NULL,"Mocca-Caramel Frappe Mediano",NULL,NULL,NULL,NULL,1,1,NULL,"2016-10-17 11:40:20",1,BienNone.jpg,NULL,1,NULL,1,NULL
153,9,FM0004,NULL,"Doble Caramelo Mediano",NULL,NULL,NULL,NULL,1,1,NULL,"2016-10-17 11:40:20",1,BienNone.jpg,NULL,1,NULL,1,NULL
154,9,FM0005,NULL,"Vainilla Oreo Frappe Mediano",NULL,NULL,NULL,NULL,1,1,NULL,"2016-10-17 11:40:20",1,BienNone.jpg,NULL,1,NULL,1,NULL
156,9,FM0007,NULL,"Cookie Dough Frappe Mediano",NULL,NULL,NULL,NULL,1,1,NULL,"2016-10-17 11:40:20",1,BienNone.jpg,NULL,1,NULL,1,NULL
158,9,FG0001,NULL,"Cappucchino Frappe Grande",NULL,NULL,NULL,NULL,1,1,NULL,"2016-10-17 11:40:20",1,BienNone.jpg,NULL,1,NULL,1,NULL
159,9,FG0002,NULL,"Mocca frappe grande",NULL,NULL,NULL,NULL,1,1,NULL,"2016-10-17 11:40:20",1,BienNone.jpg,NULL,1,NULL,1,NULL
160,9,FG0003,NULL,"Mocca-caramel frappe grande",NULL,NULL,NULL,NULL,1,1,NULL,"2016-10-17 11:40:20",1,BienNone.jpg,NULL,1,NULL,1,NULL
161,9,FG0004,NULL,"Doble caramelo frappe grande",NULL,NULL,NULL,NULL,1,1,NULL,"2016-10-17 11:40:20",1,BienNone.jpg,NULL,1,NULL,1,NULL
162,9,FG0005,NULL,"Vainilla oreo frappe grande",NULL,NULL,NULL,NULL,1,1,NULL,"2016-10-17 11:40:21",1,BienNone.jpg,NULL,1,NULL,1,NULL
164,9,FG0007,NULL,"Cookie dough frappe grande",NULL,NULL,NULL,NULL,1,1,NULL,"2016-10-17 11:40:21",1,BienNone.jpg,NULL,1,NULL,1,NULL
166,9,FG0009,NULL,"Redvelvet frappe grande",NULL,NULL,NULL,NULL,1,1,NULL,"2016-10-17 11:40:21",1,BienNone.jpg,NULL,1,NULL,1,NULL
167,9,FG0010,NULL,"Chocolate navidad Frappe grande",NULL,NULL,NULL,NULL,1,1,NULL,"2016-10-17 11:40:21",1,BienNone.jpg,NULL,1,NULL,1,NULL
168,9,FG0011,NULL,"Snickers Frappe Grande",NULL,NULL,NULL,NULL,1,1,NULL,"2016-10-17 11:40:21",1,BienNone.jpg,NULL,1,NULL,1,NULL
169,9,FG0012,NULL,"Chin chin frappe grande",NULL,NULL,NULL,NULL,1,1,NULL,"2016-10-17 11:40:21",1,BienNone.jpg,NULL,1,NULL,1,NULL
170,10,FZ0001,NULL,"Frozen maracuya",NULL,NULL,NULL,NULL,1,1,NULL,"2016-10-17 11:40:21",1,BienNone.jpg,NULL,1,NULL,1,NULL
171,10,FZ0002,NULL,"Frozen chicha morada",NULL,NULL,NULL,NULL,1,1,NULL,"2016-10-17 11:40:21",1,BienNone.jpg,NULL,1,NULL,1,NULL
173,8,FI0001,NULL,"Iced latte vainilla",NULL,NULL,NULL,NULL,1,1,NULL,"2016-10-17 11:40:21",1,BienNone.jpg,NULL,1,NULL,1,NULL
175,8,FI0003,NULL,"Iced coffee",NULL,NULL,NULL,NULL,1,1,NULL,"2016-10-17 11:40:21",1,BienNone.jpg,NULL,1,NULL,1,NULL
176,8,FI0004,NULL,"Té helado",NULL,NULL,NULL,NULL,1,1,NULL,"2016-10-17 11:40:22",1,BienNone.jpg,NULL,1,NULL,1,NULL
178,14,BS0001,NULL,"Brownie clásico",NULL,NULL,NULL,NULL,1,1,NULL,"2016-10-17 11:40:22",1,BienNone.jpg,NULL,1,NULL,1,NULL
179,14,BS0002,NULL,"Brownie oreo",NULL,NULL,NULL,NULL,1,1,NULL,"2016-10-17 11:40:22",1,BienNone.jpg,NULL,1,NULL,1,NULL
180,14,BS0003,NULL,"Brownie mantequilla de maní",NULL,NULL,NULL,NULL,1,1,NULL,"2016-10-17 11:40:22",1,BienNone.jpg,NULL,1,NULL,1,NULL
182,14,BP001,NULL,"Brownie smores",NULL,NULL,NULL,NULL,1,1,NULL,"2016-10-17 11:40:22",1,BienNone.jpg,NULL,1,NULL,1,NULL
183,14,BP002,NULL,"Brownie nutella",NULL,NULL,NULL,NULL,1,1,NULL,"2016-10-17 11:40:22",1,BienNone.jpg,NULL,1,NULL,1,NULL
184,14,BS0005,NULL,"Brownie m& m ( chin chin)",NULL,NULL,NULL,NULL,1,1,NULL,"2016-10-17 11:40:22",1,BienNone.jpg,NULL,1,NULL,1,NULL
196,13,P0135,NULL,Muffins,NULL,NULL,NULL,NULL,1,1,NULL,"2016-10-17 11:40:23",1,BienNone.jpg,NULL,1,NULL,1,NULL
198,2,IZ0058,NULL,Hielo,55,NULL,NULL,NULL,1,1,NULL,"2016-10-21 11:49:01",1,198,NULL,0,NULL,,NULL
201,9,FM0006,NULL,"Fresa Frappe Mediano",NULL,NULL,NULL,NULL,1,1,NULL,"2016-10-21 13:53:15",1,201,NULL,1,NULL,1,NULL
202,9,FG0006,NULL,"Fresa frappe grande",NULL,NULL,NULL,NULL,1,1,NULL,"2016-10-21 13:56:21",1,202,NULL,1,NULL,1,NULL
208,2,IZ0050,NULL,"Jarabe de goma",55,NULL,NULL,NULL,1,1,NULL,"2016-10-28 17:54:55",1,208,NULL,0,NULL,,NULL
209,2,IZ0056,NULL,"Esencia de Chicha",55,NULL,NULL,NULL,1,1,NULL,"2016-10-31 09:39:08",1,209,NULL,0,NULL,,NULL
210,-2,IZ0055,NULL,"Esencia de Maracuya",55,NULL,NULL,NULL,1,1,NULL,"2016-10-31 09:40:23",1,210,NULL,0,NULL,,NULL
213,8,P0143,NULL,"Freakshake cookie",55,NULL,NULL,NULL,1,1,NULL,"2016-10-31 10:37:38",1,213,NULL,1,NULL,1,NULL
214,8,P0144,NULL,"Freakshake ultratumba",55,NULL,NULL,NULL,1,1,NULL,"2016-10-31 10:43:52",1,214,NULL,1,NULL,1,NULL
225,19,TE0001,NULL,"Cumple hombre",NULL,NULL,NULL,NULL,1,1,NULL,"2017-05-11 11:03:32",1,225,NULL,1,NULL,1,NULL
226,19,TE0002,NULL,"Cumple mujer",NULL,NULL,NULL,NULL,1,1,NULL,"2017-05-11 11:07:22",1,226,NULL,0,NULL,1,NULL
227,19,TE0003,NULL,"Amor hombre",NULL,NULL,NULL,NULL,1,1,NULL,"2017-05-11 11:13:09",1,227,NULL,1,NULL,1,NULL
228,19,TE0004,NULL,"Amor mujer",NULL,NULL,NULL,NULL,1,1,NULL,"2017-05-11 11:14:16",1,228,NULL,0,NULL,1,NULL
230,20,TC0001,NULL,"Emoji Ojos Corazón",NULL,NULL,NULL,NULL,1,1,NULL,"2017-05-11 11:53:08",1,230,NULL,0,NULL,1,NULL
231,20,TC0002,NULL,"Emoji Guiño Besito",NULL,NULL,NULL,NULL,1,1,NULL,"2017-05-11 11:54:14",1,231,NULL,0,NULL,1,NULL
232,20,TC0003,NULL,"Emoji Monito",NULL,NULL,NULL,NULL,1,1,NULL,"2017-05-11 11:55:48",1,232,NULL,0,NULL,1,NULL
233,20,TC0004,NULL,"Emoji Corazón Rosado",NULL,NULL,NULL,NULL,1,1,NULL,"2017-05-11 11:56:45",1,233,NULL,0,NULL,1,NULL
234,20,TC0005,NULL,"Cara Chanchito",NULL,NULL,NULL,NULL,1,1,NULL,"2017-05-11 11:59:30",1,234,NULL,0,NULL,1,NULL
235,20,TC0006,NULL,"Cara Chanchita",NULL,NULL,NULL,NULL,1,1,NULL,"2017-05-11 12:00:26",1,235,NULL,0,NULL,1,NULL
236,20,TC0007,NULL,"Cara Osito",NULL,NULL,NULL,NULL,1,1,NULL,"2017-05-11 12:02:56",1,236,NULL,0,NULL,1,NULL
237,20,TC0008,NULL,"Cara Osita",NULL,NULL,NULL,NULL,1,1,NULL,"2017-05-11 12:04:38",1,237,NULL,0,NULL,1,NULL
238,20,TC0009,NULL,"Cara Unicornio",NULL,NULL,NULL,NULL,1,1,NULL,"2017-05-11 12:05:31",1,238,NULL,0,NULL,1,NULL
239,20,TC0010,NULL,"Cara Pareja bajo árbol",NULL,NULL,NULL,NULL,1,1,NULL,"2017-05-11 12:06:30",1,239,NULL,0,NULL,1,NULL
240,21,TP0001,NULL,"Chanchitos Besandose",NULL,NULL,NULL,NULL,1,1,NULL,"2017-05-11 12:15:14",1,240,NULL,0,NULL,1,NULL
241,21,TP0002,NULL,"Ositos en pareja",NULL,NULL,NULL,NULL,1,1,NULL,"2017-05-11 12:16:03",1,241,NULL,0,NULL,1,NULL
242,25,CP0002,NULL,"M&M Premiun",NULL,NULL,NULL,NULL,1,1,NULL,"2017-05-11 12:22:59",1,242,NULL,1,NULL,1,NULL
243,25,CP0003,NULL,"Hershey Premium",NULL,NULL,NULL,NULL,1,1,NULL,"2017-05-11 12:23:59",1,243,NULL,1,NULL,1,NULL
244,25,CP0004,NULL,"Redvelvet FerreroRocher",NULL,NULL,NULL,NULL,1,1,NULL,"2017-05-11 12:24:44",1,244,NULL,1,NULL,1,NULL
245,24,P0169,NULL,"Torta vainilla party",55,NULL,NULL,NULL,1,1,NULL,"2017-05-11 12:25:46",1,245,NULL,0,NULL,1,NULL
246,24,P0170,NULL,"Torta redvelvet",55,NULL,NULL,NULL,1,1,NULL,"2017-05-11 12:29:06",1,246,NULL,0,NULL,1,NULL
247,24,P0171,NULL,"Torta Snicker",NULL,NULL,NULL,NULL,1,1,NULL,"2017-05-11 12:34:17",1,247,NULL,0,NULL,1,NULL
254,2,IZ0014,NULL,Canela,55,NULL,NULL,NULL,1,1,NULL,"2017-05-11 17:49:32",1,254,NULL,0,NULL,,NULL
255,9,FG0015,NULL,"Praile Frappe grande",NULL,NULL,NULL,NULL,1,1,NULL,"2017-05-11 18:05:53",1,255,NULL,1,NULL,1,NULL
256,9,FG0014,NULL,"Chocoavellana Frappe grande",NULL,NULL,NULL,NULL,1,1,NULL,"2017-05-11 18:08:22",1,256,NULL,1,NULL,1,NULL
260,8,FI0002,NULL,"Iced latte caramelo",NULL,NULL,NULL,NULL,1,1,NULL,"2017-05-11 18:51:58",1,260,NULL,1,NULL,1,NULL
261,12,CF0001,NULL,Espresso,NULL,NULL,NULL,NULL,1,1,NULL,"2017-05-11 18:57:22",1,261,NULL,1,NULL,1,NULL
262,12,CF0003,NULL,Cappuccino,NULL,NULL,NULL,NULL,1,1,NULL,"2017-05-11 18:58:51",1,262,NULL,1,NULL,1,NULL
263,12,CF0002,NULL,Americano,NULL,NULL,NULL,NULL,1,1,NULL,"2017-05-11 18:59:13",1,263,NULL,1,NULL,1,NULL
264,12,CF0005,NULL,"Latte Carmelo",NULL,NULL,NULL,NULL,1,1,NULL,"2017-05-11 19:01:13",1,264,NULL,1,NULL,1,NULL
265,12,CF0004,NULL,"Latte vainilla",NULL,NULL,NULL,NULL,1,1,NULL,"2017-05-11 19:02:32",1,265,NULL,1,NULL,1,NULL
266,12,CF0006,NULL,Mocacchino,NULL,NULL,NULL,NULL,1,1,NULL,"2017-05-11 19:02:49",1,266,NULL,1,NULL,1,NULL
267,9,FG0013,NULL,"Chocolate caliente frappe grande",NULL,NULL,NULL,NULL,1,1,NULL,"2017-05-12 15:48:17",1,267,NULL,1,NULL,1,NULL
268,3,IN0009,NULL,"Caja *4",55,NULL,NULL,NULL,1,1,NULL,"2017-05-25 16:54:39",1,268,NULL,0,NULL,,2
272,3,IN0004,NULL,"Caja *2-3",55,NULL,NULL,NULL,1,1,NULL,"2017-05-25 18:09:52",1,272,NULL,0,NULL,,NULL
273,3,IN0007,NULL,separador*2,55,NULL,NULL,NULL,1,1,NULL,"2017-05-25 18:10:37",1,273,NULL,0,NULL,,NULL
274,3,IN0008,NULL,separador*3,55,NULL,NULL,NULL,1,1,NULL,"2017-05-25 18:10:56",1,274,NULL,0,NULL,,NULL
276,3,IN0016,NULL,separador*12,55,NULL,NULL,NULL,1,1,NULL,"2017-05-25 18:11:54",1,276,NULL,0,NULL,,NULL
277,3,IN0011,NULL,"caja *6",55,NULL,NULL,NULL,1,1,NULL,"2017-05-25 18:12:14",1,277,NULL,0,NULL,,"2,4"
278,28,IN0012,NULL,Lonchera,55,NULL,NULL,NULL,1,1,NULL,"2017-05-25 18:12:27",1,278,NULL,0,NULL,,4
279,3,IN0014,NULL,"caja *12 (base)",55,NULL,NULL,NULL,1,1,NULL,"2017-05-25 18:13:11",1,279,NULL,0,NULL,,2
280,3,IN0005,NULL,"Caja *2",55,NULL,NULL,NULL,1,1,NULL,"2017-05-25 18:21:18",1,280,NULL,0,NULL,,NULL
283,-2,AF001,NULL,"Computadora ci3",57,NULL,NULL,NULL,1,1,NULL,"2017-06-02 15:34:07",1,283,NULL,0,NULL,0,NULL
284,-2,IN0030,NULL,Removedor,NULL,NULL,NULL,NULL,1,1,NULL,"2017-07-11 20:19:27",4,284,NULL,0,NULL,,NULL
285,3,IN0010,NULL,"Envase * 4 (plástico)",NULL,NULL,NULL,NULL,1,1,NULL,"2017-07-11 20:21:08",4,285,NULL,0,NULL,,3
286,3,IN0013,NULL,"Envase *6 (plástico)",NULL,NULL,NULL,NULL,1,1,NULL,"2017-07-11 20:21:50",4,286,NULL,0,NULL,,3
287,-2,IN0019,NULL,"Tapa Pet 12 onzas",NULL,NULL,NULL,NULL,1,1,NULL,"2017-07-11 20:45:00",4,287,NULL,0,NULL,,NULL
288,-2,IN0021,NULL,"Tapa Pet 16 onzas",NULL,NULL,NULL,NULL,1,1,NULL,"2017-07-11 20:47:07",4,288,NULL,0,NULL,,NULL
289,-2,IN0023,NULL,"Tapa Caliente 16 onzas",NULL,NULL,NULL,NULL,1,1,NULL,"2017-07-11 20:48:56",4,289,NULL,0,NULL,,NULL
290,-2,IN0031,NULL,Servilletas,NULL,NULL,NULL,NULL,1,1,NULL,"2017-07-11 20:54:20",4,290,NULL,0,NULL,,NULL
291,-2,IZ0005,NULL,"Azúcar en sobre",NULL,NULL,NULL,NULL,1,1,NULL,"2017-07-11 20:55:16",4,291,NULL,0,NULL,,NULL
292,-2,IZ0006,NULL,Edulcorante,NULL,NULL,NULL,NULL,1,1,NULL,"2017-07-11 20:56:22",4,292,NULL,0,NULL,,NULL
293,3,IN0028,NULL,"Bolsas unitarias papel",NULL,NULL,NULL,NULL,1,1,NULL,"2017-07-11 20:59:26",4,293,NULL,0,NULL,,2
294,-2,IN0029,NULL,"Bolsas Fucsias",NULL,NULL,NULL,NULL,1,1,NULL,"2017-07-11 21:00:13",4,294,NULL,0,NULL,,NULL
295,-2,IZ0053,NULL,"Jarabe Avellanas",NULL,NULL,NULL,NULL,1,1,NULL,"2017-07-11 21:11:23",4,295,NULL,0,NULL,,NULL
296,-2,IZ0054,NULL,"Jarabe Almendras",NULL,NULL,NULL,NULL,1,1,NULL,"2017-07-11 21:12:15",4,296,NULL,0,NULL,,NULL
297,28,BOA,NULL,"Botella de Agua",NULL,NULL,NULL,NULL,1,1,NULL,"2017-07-11 21:20:09",4,297,NULL,0,NULL,,NULL
298,12,CF0008,NULL,Infusión,NULL,NULL,NULL,NULL,1,1,NULL,"2017-07-11 21:48:33",4,298,NULL,1,NULL,1,NULL
299,3,IN0006,NULL,"Caja *3",NULL,NULL,NULL,NULL,1,1,NULL,"2017-12-13 19:15:04",1,299,NULL,0,NULL,,NULL
300,4,CS0057,NULL,"Cupcake Crocante De Durazno",NULL,NULL,NULL,NULL,1,1,NULL,"2018-01-05 11:07:15",1,300,NULL,1,NULL,1,NULL
301,21,TP0003,NULL,"Muñeco 3D (Genérico)",NULL,NULL,NULL,NULL,1,1,NULL,"2018-01-08 19:21:26",1,301,NULL,0,NULL,1,NULL
302,4,CS0001,NULL,"Cupcake Vainilla Party",NULL,NULL,NULL,NULL,1,1,NULL,"2018-01-10 12:50:51",1,302,NULL,1,NULL,1,NULL
303,4,CS0020,NULL,"Cupcake M&M",NULL,NULL,NULL,NULL,1,1,NULL,"2018-01-10 12:52:32",1,303,NULL,1,NULL,1,NULL
304,4,CS0010,NULL,"Cupcake Oreo",NULL,NULL,NULL,NULL,1,1,NULL,"2018-01-10 12:53:37",1,304,NULL,1,NULL,1,NULL
305,4,CS0060,NULL,"Cupcake Mimosa",NULL,NULL,NULL,NULL,1,1,NULL,"2018-01-10 12:55:04",1,305,NULL,1,NULL,1,NULL
306,4,CS0061,NULL,"Cupcake Sangria",NULL,NULL,NULL,NULL,1,1,NULL,"2018-01-10 12:56:54",1,306,NULL,1,NULL,1,NULL
307,4,CS0059,NULL,"Cupcake Cookies & Cream",NULL,NULL,NULL,NULL,1,1,NULL,"2018-01-10 12:59:04",1,307,NULL,1,NULL,1,NULL
308,2,IZ0030,NULL,Chantilly,NULL,NULL,NULL,NULL,1,1,NULL,"2018-01-24 17:58:26",9,308,NULL,0,NULL,,NULL
310,29,Q0002,NULL,"Queque Chocolate",NULL,NULL,NULL,NULL,1,1,NULL,"2018-01-24 18:48:26",9,310,NULL,0,NULL,1,NULL
311,4,CS0058,NULL,"Cupcake Red Brownie",NULL,NULL,NULL,NULL,1,1,NULL,"2018-01-30 09:46:10",9,311,NULL,1,NULL,1,NULL
318,29,Q0001,NULL,"Queque Vainilla",NULL,NULL,NULL,NULL,1,1,NULL,"2018-02-01 11:32:05",9,318,NULL,0,NULL,1,NULL
319,29,Q0005,NULL,"Queque Vainilla Oreo",NULL,NULL,NULL,NULL,1,1,NULL,"2018-02-01 11:40:03",9,319,NULL,0,NULL,1,NULL
320,2,IZ0015,NULL,Sal,NULL,NULL,NULL,NULL,1,1,NULL,"2018-02-01 12:15:06",9,320,NULL,0,NULL,,NULL
321,2,IZ0019,NULL,"Esencia de Vainilla",NULL,NULL,NULL,NULL,1,1,NULL,"2018-02-01 12:17:02",9,321,NULL,0,NULL,,NULL
323,2,IZ0027,NULL,"Leche en bolsa",NULL,NULL,NULL,NULL,1,1,NULL,"2018-02-01 12:54:47",9,323,NULL,0,NULL,,NULL
324,2,IZ0020,NULL,Vinagre,NULL,NULL,NULL,NULL,1,1,NULL,"2018-02-01 12:59:34",9,324,NULL,0,NULL,,NULL
326,25,CP0001,NULL,"Cupcake Saludable",NULL,NULL,NULL,NULL,1,1,NULL,"2018-02-02 10:48:46",9,326,NULL,1,NULL,1,NULL
329,29,Q0003,NULL,"Queque Red velvet",NULL,NULL,NULL,NULL,1,1,NULL,"2018-02-02 11:42:20",9,329,NULL,0,NULL,1,NULL
330,29,Q0006,NULL,"Queque Red velvet Oreo",NULL,NULL,NULL,NULL,1,1,NULL,"2018-02-02 11:49:24",9,330,NULL,0,NULL,1,NULL
333,13,G0001,NULL,"Galleta Clásica",NULL,NULL,NULL,NULL,1,1,NULL,"2018-02-02 12:26:57",9,333,NULL,1,NULL,1,NULL
334,29,BR0001,NULL,"Brownie R.",NULL,NULL,NULL,NULL,1,1,NULL,"2018-02-02 12:40:12",9,334,NULL,0,NULL,1,NULL
335,4,CS0005,NULL,"Cupcake Nutella",NULL,NULL,NULL,NULL,1,1,NULL,"2018-02-02 22:51:48",9,335,NULL,1,NULL,1,NULL
336,4,CS0062,NULL,"Cupcake Crocante de Limón",NULL,NULL,NULL,NULL,1,1,NULL,"2018-02-03 10:31:29",9,336,NULL,1,NULL,1,NULL
337,4,CS0070,NULL,"Cupcake Special",NULL,NULL,NULL,NULL,1,1,NULL,"2018-02-03 10:32:38",9,337,NULL,1,NULL,1,NULL
338,4,CS0063,NULL,"Cupcake Berry Chocolate",NULL,NULL,NULL,NULL,1,1,NULL,"2018-02-04 20:16:17",9,338,NULL,1,NULL,1,NULL
339,4,CS0064,NULL,"Cupcake Berry Oreo",NULL,NULL,NULL,NULL,1,1,NULL,"2018-02-04 20:17:42",9,339,NULL,1,NULL,1,NULL
340,4,CS0065,NULL,"Cupcake Cookie Nutella",NULL,NULL,NULL,NULL,1,1,NULL,"2018-02-04 20:19:15",9,340,NULL,1,NULL,1,NULL
341,29,Q0004,NULL,"Queque Banana",NULL,NULL,NULL,NULL,1,1,NULL,"2018-02-04 20:44:59",9,341,NULL,0,NULL,1,NULL
342,29,Q0007,NULL,"Queque Chocobanana",NULL,NULL,NULL,NULL,1,1,NULL,"2018-02-04 21:06:37",9,342,NULL,0,NULL,1,NULL
343,2,IZ0018,NULL,"Gelatina de Piña",NULL,NULL,NULL,NULL,1,1,NULL,"2018-02-04 21:10:38",9,343,NULL,0,NULL,,NULL
344,29,Q0008,NULL,"Queque  de Piña",NULL,NULL,NULL,NULL,1,1,NULL,"2018-02-04 21:14:25",9,344,NULL,0,NULL,1,NULL
345,2,IZ0049,NULL,"Durazno en Almibar",NULL,NULL,NULL,NULL,1,1,NULL,"2018-02-04 22:37:59",9,345,NULL,0,NULL,,NULL
346,29,Q0009,NULL,"Queque Durazno",NULL,NULL,NULL,NULL,1,1,NULL,"2018-02-04 22:45:03",9,346,NULL,0,NULL,1,NULL
347,29,Q0010,NULL,"Queque Arandano",NULL,NULL,NULL,NULL,1,1,NULL,"2018-02-04 23:03:55",9,347,NULL,0,NULL,1,NULL
349,29,Q0011,NULL,"Queque Fresa",NULL,NULL,NULL,NULL,1,1,NULL,"2018-02-04 23:07:30",9,349,NULL,0,NULL,1,NULL
350,2,IZ0046,NULL,Fresa,NULL,NULL,NULL,NULL,1,1,NULL,"2018-02-04 23:13:39",9,350,NULL,0,NULL,,NULL
351,2,IZ0047,NULL,Arandanos,NULL,NULL,NULL,NULL,1,1,NULL,"2018-02-04 23:14:14",9,351,NULL,0,NULL,,NULL
352,2,IZ0029,NULL,"Leche Condensada",NULL,NULL,NULL,NULL,1,1,NULL,"2018-02-04 23:21:54",9,352,NULL,0,NULL,,NULL
353,29,R0001,NULL,Fudge,NULL,NULL,NULL,NULL,1,1,NULL,"2018-02-04 23:26:15",9,353,NULL,0,NULL,1,NULL
354,29,R0002,NULL,Ganage,NULL,NULL,NULL,NULL,1,1,NULL,"2018-02-04 23:29:02",9,354,NULL,0,NULL,1,NULL
356,29,R0003,NULL,Caramelo,NULL,NULL,NULL,NULL,1,1,NULL,"2018-02-04 23:31:20",9,356,NULL,0,NULL,1,NULL
357,29,R0004,NULL,"crema de galleta",NULL,NULL,NULL,NULL,1,1,NULL,"2018-02-04 23:32:59",9,357,NULL,0,NULL,1,NULL
359,29,R0005,NULL,"Crema de Limón",NULL,NULL,NULL,NULL,1,1,NULL,"2018-02-04 23:34:38",9,359,NULL,0,NULL,1,NULL
360,2,IZ0048,NULL,"Manzana Israel",NULL,NULL,NULL,NULL,1,1,NULL,"2018-02-04 23:46:59",9,360,NULL,0,NULL,,NULL
361,29,R0006,NULL,Crumble,NULL,NULL,NULL,NULL,1,1,NULL,"2018-02-04 23:50:23",9,361,NULL,0,NULL,1,NULL
362,29,R0007,NULL,"Compota de Manzana",NULL,NULL,NULL,NULL,1,1,NULL,"2018-02-04 23:53:37",9,362,NULL,0,NULL,1,NULL
363,29,R0008,NULL,Merengue,NULL,NULL,NULL,NULL,1,1,NULL,"2018-02-06 19:10:00",9,363,NULL,0,NULL,1,NULL
364,29,R0009,NULL,"Frostin Vainilla",NULL,NULL,NULL,NULL,1,1,NULL,"2018-02-06 19:11:55",9,364,NULL,0,NULL,1,NULL
365,29,R0010,NULL,"Frostin Queso Crema",NULL,NULL,NULL,NULL,1,1,NULL,"2018-02-06 19:14:03",9,365,NULL,0,NULL,1,NULL
366,29,R0011,NULL,"Frostin Oreo",NULL,NULL,NULL,NULL,1,1,NULL,"2018-02-06 19:33:16",9,366,NULL,0,NULL,1,NULL
369,29,R0012,NULL,"Frostin maní",NULL,NULL,NULL,NULL,1,1,NULL,"2018-02-06 19:38:45",9,369,NULL,0,NULL,1,NULL
370,29,R0013,NULL,"Frostin Cobertura Azul",NULL,NULL,NULL,NULL,1,1,NULL,"2018-02-06 19:41:04",9,370,NULL,0,NULL,1,NULL
371,29,R0014,NULL,"Frostin Cobertura Roja",NULL,NULL,NULL,NULL,1,1,NULL,"2018-02-06 19:43:02",9,371,NULL,0,NULL,1,NULL
372,29,R0015,NULL,"Frostin de crema de galleta",NULL,NULL,NULL,NULL,1,1,NULL,"2018-02-06 19:45:08",9,372,NULL,0,NULL,1,NULL
373,29,R0016,NULL,"Frostin Brownie",NULL,NULL,NULL,NULL,1,1,NULL,"2018-02-06 19:46:46",9,373,NULL,0,NULL,1,NULL
374,25,CP0005,NULL,"Cupcake Macarrón",NULL,NULL,NULL,NULL,1,1,NULL,"2018-02-08 11:48:49",9,374,NULL,1,NULL,1,NULL
375,-2,IN0032,NULL,Riccadonna,NULL,NULL,NULL,NULL,1,1,NULL,"2018-02-08 11:55:19",9,375,NULL,0,NULL,,NULL
376,14,PF0001,NULL,"Jar de Fudge",NULL,NULL,NULL,NULL,1,1,NULL,"2018-02-08 12:41:53",9,376,NULL,1,NULL,1,NULL
377,14,PB0001,NULL,"Jar de Brownie grande",NULL,NULL,NULL,NULL,1,1,NULL,"2018-02-08 12:43:42",9,377,NULL,1,NULL,1,NULL
378,39,IN0033,NULL,Globos,NULL,NULL,NULL,NULL,1,1,NULL,"2018-02-08 12:51:43",9,378,NULL,0,NULL,,NULL
379,34,PP0001,NULL,Pinguino,NULL,NULL,NULL,NULL,1,1,NULL,"2018-02-08 13:21:50",9,379,NULL,0,NULL,,NULL
380,34,PP0002,NULL,Panda,NULL,NULL,NULL,NULL,1,1,NULL,"2018-02-08 13:22:27",9,380,NULL,0,NULL,,NULL
381,34,PP0003,NULL,"Osita Pequeña",NULL,NULL,NULL,NULL,1,1,NULL,"2018-02-08 13:23:04",9,381,NULL,0,NULL,,NULL
382,34,PP0004,NULL,"Osito Pequeño",NULL,NULL,NULL,NULL,1,1,NULL,"2018-02-08 13:23:33",9,382,NULL,0,NULL,,NULL
383,34,PP0005,NULL,"Osita Mediana",NULL,NULL,NULL,NULL,1,1,NULL,"2018-02-08 13:24:05",9,383,NULL,0,NULL,,NULL
384,34,PP0006,NULL,"Osito Mediano",NULL,NULL,NULL,NULL,1,1,NULL,"2018-02-08 13:24:45",9,384,NULL,0,NULL,,NULL
385,34,PP0007,NULL,"Chanchita Kimono",NULL,NULL,NULL,NULL,1,1,NULL,"2018-02-08 13:30:16",9,385,NULL,0,NULL,,NULL
386,-2,IN0034,NULL,"Bolsas Rojas Ind.",NULL,NULL,NULL,NULL,1,1,NULL,"2018-02-08 15:17:14",9,386,NULL,0,NULL,0,NULL
387,-2,IN0035,NULL,canasta,NULL,NULL,NULL,NULL,1,1,NULL,"2018-02-08 23:39:48",9,387,NULL,0,NULL,,NULL
388,2,IZ0061,NULL,Chuño,NULL,NULL,NULL,NULL,1,1,NULL,"2018-02-25 21:19:10",13,388,NULL,0,NULL,0,NULL
389,2,IZ0062,NULL,Fondant,NULL,NULL,NULL,NULL,1,1,NULL,"2018-02-25 21:19:44",13,389,NULL,0,NULL,,NULL
390,19,TE0006,NULL,florcita,NULL,NULL,NULL,NULL,1,1,NULL,"2018-03-07 16:43:47",13,390,NULL,0,NULL,1,NULL
391,3,IN0036,NULL,"Separador * 4",NULL,NULL,NULL,NULL,1,1,NULL,"2018-03-12 08:19:12",9,391,NULL,0,NULL,,NULL
392,3,IN0037,NULL,"Separador * 6",NULL,NULL,NULL,NULL,1,1,NULL,"2018-03-12 08:20:13",9,392,NULL,0,NULL,,NULL
393,2,J0001,NULL,"Jarabe de Coco",NULL,NULL,NULL,NULL,1,1,NULL,"2018-03-20 00:18:12",13,393,NULL,0,NULL,1,NULL
394,9,FG0016,NULL,"Coco Frappe Grande",NULL,NULL,NULL,NULL,1,1,NULL,"2018-03-20 00:21:53",13,394,NULL,0,NULL,1,NULL
395,2,J0002,NULL,"Jarabe de Lucuma",NULL,NULL,NULL,NULL,1,1,NULL,"2018-03-20 00:24:14",13,395,NULL,0,NULL,1,NULL
396,9,FG0017,NULL,"Lucuma Chips Frappe Grande",NULL,NULL,NULL,NULL,1,1,NULL,"2018-03-20 00:26:46",13,396,NULL,0,NULL,1,NULL
397,-2,IZ0063,NULL,Glucosa,NULL,NULL,NULL,NULL,1,1,NULL,"2018-03-20 13:02:36",9,397,NULL,0,NULL,,NULL
398,-2,IZ0064,NULL,"Coco rallado",NULL,NULL,NULL,NULL,1,1,NULL,"2018-03-20 13:35:14",9,398,NULL,0,NULL,,NULL
400,14,BP003,NULL,"Brownie Princesa",NULL,NULL,NULL,NULL,1,1,NULL,"2018-03-22 10:21:18",9,400,NULL,0,NULL,1,NULL
401,4,CS0066,NULL,"Cupcake Zanahoria",NULL,NULL,NULL,NULL,1,1,NULL,"2018-03-22 10:30:18",9,401,NULL,0,NULL,1,NULL
402,4,CS0067,NULL,"Cupcake Mocca Chocolate",NULL,NULL,NULL,NULL,1,1,NULL,"2018-03-22 10:32:08",9,402,NULL,0,NULL,1,NULL
403,2,IN0038,NULL,Pirotines,NULL,NULL,NULL,NULL,1,1,NULL,"2018-03-22 11:39:15",9,403,NULL,0,NULL,,NULL
404,3,IN0040,NULL,"Tapa Botella",NULL,NULL,NULL,NULL,1,1,NULL,"2018-03-22 12:43:40",9,404,NULL,0,NULL,,NULL
405,-2,IN0039,NULL,Botella,NULL,NULL,NULL,NULL,1,1,NULL,"2018-03-22 12:44:32",9,405,NULL,0,NULL,,NULL
406,4,LSC001,NULL,"Cupcake Chocolate Saludable",NULL,NULL,NULL,NULL,1,1,NULL,"2018-03-28 12:28:04",13,406,NULL,1,NULL,1,NULL
407,4,LSC002,NULL,"Cupcake Zanahoria Saludable",NULL,NULL,NULL,NULL,1,1,NULL,"2018-03-28 12:29:22",13,407,NULL,1,NULL,1,NULL
408,14,LSb001,NULL,"Brownie Banana Saludable",NULL,NULL,NULL,NULL,1,1,NULL,"2018-03-28 12:32:15",13,408,NULL,0,NULL,1,NULL
409,14,LSO001,NULL,"Queque de platano Saludable",NULL,NULL,NULL,NULL,1,1,NULL,"2018-03-28 12:35:44",13,409,NULL,0,NULL,1,NULL
411,14,LSO002,NULL,"Barritas Chocomani",NULL,NULL,NULL,NULL,1,1,NULL,"2018-03-28 12:36:43",13,411,NULL,0,NULL,1,NULL
412,14,BP004,NULL,"Brownie Manjar Oreo",NULL,NULL,NULL,NULL,1,1,NULL,"2018-04-02 11:27:37",9,412,NULL,0,NULL,1,NULL
413,19,TE0007,NULL,"Estrella hombre",NULL,NULL,NULL,NULL,1,1,NULL,"2018-04-02 13:34:17",9,413,NULL,0,NULL,1,NULL
414,14,BP005,NULL,"Brownie Redvelvet Oreo",NULL,NULL,NULL,NULL,1,1,NULL,"2018-04-03 10:42:51",9,414,NULL,0,NULL,1,NULL
415,2,IZ0065,NULL,Datiles,NULL,NULL,NULL,NULL,1,1,NULL,"2018-04-12 13:21:27",13,415,NULL,0,NULL,0,NULL
416,2,IZ0066,NULL,Avena,NULL,NULL,NULL,NULL,1,1,NULL,"2018-04-12 13:22:12",13,416,NULL,0,NULL,0,NULL
417,2,IZ0067,NULL,"Leche de Almendras",NULL,NULL,NULL,NULL,1,1,NULL,"2018-04-12 13:23:26",13,417,NULL,0,NULL,0,NULL
418,2,IZ0068,NULL,"Azúcar de Coco",NULL,NULL,NULL,NULL,1,1,NULL,"2018-04-12 13:24:38",13,418,NULL,0,NULL,0,NULL
419,2,IZ0069,NULL,"Frijol Negro",NULL,NULL,NULL,NULL,1,1,NULL,"2018-04-12 13:25:45",13,419,NULL,0,NULL,0,NULL
420,2,IZ0070,NULL,Guindon,NULL,NULL,NULL,NULL,1,1,NULL,"2018-04-12 13:26:23",13,420,NULL,0,NULL,0,NULL
421,2,IZ0071,NULL,Panela,NULL,NULL,NULL,NULL,1,1,NULL,"2018-04-12 13:27:59",13,421,NULL,0,NULL,0,NULL
422,14,BS0006,NULL,"Brownie bolsita",NULL,NULL,NULL,NULL,1,1,NULL,"2018-04-28 10:40:10",9,422,NULL,1,NULL,1,NULL
424,19,TE0008,NULL,"Día de la madre",NULL,NULL,NULL,NULL,1,1,NULL,"2018-05-05 12:22:52",9,424,NULL,0,NULL,1,NULL
425,44,CS0072,NULL,"Rosa Chocolate",NULL,NULL,NULL,NULL,1,1,NULL,"2018-05-05 12:25:13",9,425,NULL,0,NULL,1,NULL
426,44,CS0073,NULL,"Rosa Vainilla",NULL,NULL,NULL,NULL,1,1,NULL,"2018-05-05 12:26:04",9,426,NULL,0,NULL,1,NULL
427,44,CS0074,NULL,"Rosa Banana",NULL,NULL,NULL,NULL,1,1,NULL,"2018-05-05 12:27:04",9,427,NULL,0,NULL,1,NULL
428,44,CS0075,NULL,"Rosa Redvelvet",NULL,NULL,NULL,NULL,1,1,NULL,"2018-05-05 12:28:04",9,428,NULL,0,NULL,1,NULL
429,28,IN0041,NULL,"Caja Individual",NULL,NULL,NULL,NULL,1,1,NULL,"2018-05-07 11:28:20",9,429,NULL,0,NULL,,NULL
430,4,CS0076,NULL,"Cupcake Trufa Baileys",NULL,NULL,NULL,NULL,1,1,NULL,"2018-05-09 10:46:01",9,430,NULL,0,NULL,1,NULL
431,4,CS0077,NULL,"Trufa Caramel Chocolate",NULL,NULL,NULL,NULL,1,1,NULL,"2018-05-09 10:47:40",9,431,NULL,0,NULL,1,NULL
432,4,CS0078,NULL,"Trufa Frambuesa chocolate blanco",NULL,NULL,NULL,NULL,1,1,NULL,"2018-05-09 10:54:01",9,432,NULL,0,NULL,1,NULL
433,28,IN0042,NULL,"Bolsa Kraft",NULL,NULL,NULL,NULL,1,1,NULL,"2018-05-09 14:37:09",9,433,NULL,0,NULL,,NULL
434,4,CS0079,NULL,"Cupcake de Chocoframbuesa",NULL,NULL,NULL,NULL,1,1,NULL,"2018-05-17 10:27:09",13,434,NULL,0,NULL,1,NULL
435,13,G0002,NULL,"Galleta Red Velvet",NULL,NULL,NULL,NULL,1,1,NULL,"2018-05-24 12:01:16",13,435,NULL,0,NULL,1,NULL
436,13,G0003,NULL,"Galleta brownie",NULL,NULL,NULL,NULL,1,1,NULL,"2018-05-24 12:03:07",13,436,NULL,0,NULL,1,NULL
437,4,CM001,NULL,"Minicupcake Red velvet",NULL,NULL,NULL,NULL,1,1,NULL,"2018-05-24 12:04:48",13,437,NULL,0,NULL,1,NULL
438,13,G0004,NULL,"Sandwish red velvet",NULL,NULL,NULL,NULL,1,1,NULL,"2018-05-25 11:05:25",13,438,NULL,0,NULL,1,NULL
439,9,FG0018,NULL,"Red velvet Shake",NULL,NULL,NULL,NULL,1,1,NULL,"2018-05-26 11:11:17",13,439,NULL,0,NULL,1,NULL
440,12,CF0007,NULL,"Chocolate Caliente",NULL,NULL,NULL,NULL,1,1,NULL,"2018-06-01 13:00:12",13,440,NULL,0,NULL,1,NULL
441,34,PP0008,NULL,"Muñeco Mundial",NULL,NULL,NULL,NULL,1,1,NULL,"2018-06-01 13:07:55",13,441,NULL,0,NULL,,NULL
442,2,IZ0072,NULL,Maicena,NULL,NULL,NULL,NULL,1,1,NULL,"2018-06-04 11:13:18",13,442,NULL,0,NULL,,NULL
443,2,IZ0073,NULL,"Leche en Polvo",NULL,NULL,NULL,NULL,1,1,NULL,"2018-06-04 11:14:41",13,443,NULL,0,NULL,0,NULL
444,14,RVB001,NULL,"Red velvet Bites",NULL,NULL,NULL,NULL,1,1,NULL,"2018-06-05 08:38:35",13,444,NULL,0,NULL,1,NULL
445,14,PB0002,NULL,"Jar de Brownie pequeño",NULL,NULL,NULL,NULL,1,1,NULL,"2018-06-05 14:48:54",13,445,NULL,0,NULL,1,NULL
446,3,PB0003,NULL,Error,NULL,NULL,NULL,NULL,1,1,NULL,"2018-06-05 14:50:14",13,446,NULL,0,NULL,1,NULL
447,14,PB0004,NULL,error1,NULL,NULL,NULL,NULL,1,1,NULL,"2018-06-05 14:51:21",13,447,NULL,0,NULL,1,NULL
449,19,TE0009,NULL,"Día del padre",NULL,NULL,NULL,NULL,1,1,NULL,"2018-06-09 12:56:08",13,449,NULL,0,NULL,1,NULL
450,20,TC0011,NULL,Camiseta,NULL,NULL,NULL,NULL,1,1,NULL,"2018-06-09 12:57:58",13,450,NULL,0,NULL,1,NULL
451,37,IN0043,NULL,"Vaso dia del padre",NULL,NULL,NULL,NULL,1,1,NULL,"2018-06-09 13:22:58",13,451,NULL,0,NULL,,NULL
452,4,CS0080,NULL,"Cupcake Peanut Butter Chocolate",NULL,NULL,NULL,NULL,1,1,NULL,"2018-06-11 10:34:45",13,452,NULL,0,NULL,1,NULL
453,2,IN0044,NULL,"Bolsitas brillo",NULL,NULL,NULL,NULL,1,1,NULL,"2018-06-13 09:30:49",13,453,NULL,0,NULL,0,NULL
454,4,CS0081,NULL,"Cupcake Chocoavellana",NULL,NULL,NULL,NULL,1,1,NULL,"2018-06-14 11:05:43",9,454,NULL,0,NULL,1,NULL
455,12,CF0009,NULL,Choco-nutella,NULL,NULL,NULL,NULL,1,1,NULL,"2018-06-20 15:27:23",13,455,NULL,0,NULL,1,NULL
456,12,CF0010,NULL,Choco-Sniker,NULL,NULL,NULL,NULL,1,1,NULL,"2018-06-20 15:28:05",13,456,NULL,0,NULL,1,NULL
457,13,G0005,NULL,"Galleta Choco oreo",NULL,NULL,NULL,NULL,1,1,NULL,"2018-06-22 11:20:00",13,457,NULL,0,NULL,1,NULL
458,4,CP0008,NULL,"Cupcake unicornio",NULL,NULL,NULL,NULL,1,1,NULL,"2018-06-28 09:33:30",13,458,NULL,0,NULL,1,NULL
462,19,TE0010,NULL,"Día del maestro",NULL,NULL,NULL,NULL,1,1,NULL,"2018-07-04 11:28:34",13,462,NULL,0,NULL,1,NULL
463,20,TC0012,NULL,Manzanita,NULL,NULL,NULL,NULL,1,1,NULL,"2018-07-04 11:29:26",13,463,NULL,0,NULL,1,NULL
464,20,TC0013,NULL,"Oveja celeste",NULL,NULL,NULL,NULL,1,1,NULL,"2018-07-11 11:15:30",13,464,NULL,0,NULL,1,NULL
465,20,TC0014,NULL,"Oveja Rosada",NULL,NULL,NULL,NULL,1,1,NULL,"2018-07-11 11:16:04",13,465,NULL,0,NULL,1,NULL
466,19,TE0011,NULL,"Corazón celete",NULL,NULL,NULL,NULL,1,1,NULL,"2018-07-11 11:25:32",13,466,NULL,0,NULL,1,NULL
467,19,TE0012,NULL,"Corazón rosado",NULL,NULL,NULL,NULL,1,1,NULL,"2018-07-11 11:26:26",13,467,NULL,0,NULL,1,NULL
469,13,G0006,NULL,"Galleta Chips de mani",NULL,NULL,NULL,NULL,1,1,NULL,"2018-07-17 11:51:40",13,469,NULL,0,NULL,1,NULL
470,4,CS0082,NULL,"Cupcake Sublime",NULL,NULL,NULL,NULL,1,1,NULL,"2018-07-18 12:12:42",13,470,NULL,0,NULL,1,NULL
471,4,CS0083,NULL,"Cupcake Caramel m&m",NULL,NULL,NULL,NULL,1,1,NULL,"2018-08-03 10:58:03",13,471,NULL,1,NULL,1,NULL
472,14,BB0001,NULL,"brownie Bites",NULL,NULL,NULL,NULL,1,1,NULL,"2018-08-17 07:56:06",13,472,NULL,0,NULL,1,NULL
473,14,G0007,NULL,"Galletón brownie",NULL,NULL,NULL,NULL,1,1,NULL,"2018-09-08 11:24:02",13,473,NULL,0,NULL,1,NULL
475,2,IZ0075,NULL,"Princesa Barra de chocolate",NULL,NULL,NULL,NULL,1,1,NULL,"2018-09-12 12:59:53",13,475,NULL,0,NULL,0,NULL
481,29,BB0002,NULL,"Brownie Red velvet Oreo R.",NULL,NULL,NULL,NULL,1,1,NULL,"2018-09-12 13:21:17",13,481,NULL,0,NULL,1,NULL
482,2,R0017,NULL,"Curt de Limón",NULL,NULL,NULL,NULL,1,1,NULL,"2018-09-12 13:26:48",13,482,NULL,0,NULL,1,NULL
483,29,R0018,NULL,"Chocolate Caliente R.",NULL,NULL,NULL,NULL,1,1,NULL,"2018-09-13 11:46:46",13,483,NULL,0,NULL,1,NULL
485,2,S0001,NULL,"Bolsa Smothie Frtuos Rojos",NULL,NULL,NULL,NULL,1,1,NULL,"2018-09-29 08:39:31",13,485,NULL,0,NULL,1,NULL
486,-2,IZ0076,NULL,"Yogurt Natural",NULL,NULL,NULL,NULL,1,1,NULL,"2018-09-29 08:41:05",13,486,NULL,0,NULL,,NULL
487,9,SM0001,NULL,"Smothie Frutos Rojos",NULL,NULL,NULL,NULL,1,1,NULL,"2018-09-29 08:45:10",13,487,NULL,0,NULL,1,NULL
488,4,CS0084,NULL,"Cupcake Aniversario",NULL,NULL,NULL,NULL,1,1,NULL,"2018-10-10 12:59:44",13,488,NULL,0,NULL,1,NULL
